id,name,gpsCoordinates,riverId
1,Kyiv,-49.267136;50.123567,1
2,Dnipro,-48.262131;51.727867,1
